script,model,fold,valid_accuracy,test_accuracy
train.py,mobilenet,1,0.9566395663956639,0.9486552567237164
train.py,mobilenet,2,0.9349593495934959,0.9462102689486552
train.py,mobilenet,3,0.9376693766937669,0.9266503667481663
train.py,mobilenet,4,0.9456521739130435,0.9168704156479217
train.py,mobilenet,5,0.9456521739130435,0.9511002444987775
train.py,mobilenet,6,0.9728260869565217,0.9144254278728606
